mean_fit_time,std_fit_time,mean_score_time,std_score_time,param_n_estimators,param_min_samples_split,param_min_samples_leaf,param_max_features,param_max_depth,param_class_weight,param_bootstrap,params,split0_test_roc_auc,split1_test_roc_auc,split2_test_roc_auc,split3_test_roc_auc,split4_test_roc_auc,mean_test_roc_auc,std_test_roc_auc,rank_test_roc_auc,split0_train_roc_auc,split1_train_roc_auc,split2_train_roc_auc,split3_train_roc_auc,split4_train_roc_auc,mean_train_roc_auc,std_train_roc_auc,split0_test_precision,split1_test_precision,split2_test_precision,split3_test_precision,split4_test_precision,mean_test_precision,std_test_precision,rank_test_precision,split0_train_precision,split1_train_precision,split2_train_precision,split3_train_precision,split4_train_precision,mean_train_precision,std_train_precision,split0_test_recall,split1_test_recall,split2_test_recall,split3_test_recall,split4_test_recall,mean_test_recall,std_test_recall,rank_test_recall,split0_train_recall,split1_train_recall,split2_train_recall,split3_train_recall,split4_train_recall,mean_train_recall,std_train_recall,split0_test_f1,split1_test_f1,split2_test_f1,split3_test_f1,split4_test_f1,mean_test_f1,std_test_f1,rank_test_f1,split0_train_f1,split1_train_f1,split2_train_f1,split3_train_f1,split4_train_f1,mean_train_f1,std_train_f1
0.013294076919555664,0.0033086243706142164,0.0,0.0,300,5,4,0.3,30,balanced,False,"{'n_estimators': 300, 'min_samples_split': 5, 'min_samples_leaf': 4, 'max_features': 0.3, 'max_depth': 30, 'class_weight': 'balanced', 'bootstrap': False}",,,,,,,,29,,,,,,,,,,,,,,,29,,,,,,,,,,,,,,,29,,,,,,,,,,,,,,,29,,,,,,,
0.6233869552612304,0.007084412977429353,0.0831416130065918,0.00880006295670473,100,20,2,0.3,20,balanced,True,"{'n_estimators': 100, 'min_samples_split': 20, 'min_samples_leaf': 2, 'max_features': 0.3, 'max_depth': 20, 'class_weight': 'balanced', 'bootstrap': True}",0.9283299526707235,0.9239999999999999,0.9113333333333333,0.9033333333333333,0.942,0.921799323867478,0.013461717338326488,7,0.9719583333333334,0.9694385216773277,0.9730757974831724,0.9736611062335382,0.9703582925707597,0.9716984102596264,0.0015949885816682306,0.975,0.9555555555555556,0.9318181818181818,0.8958333333333334,0.9183673469387755,0.9353148835291692,0.027723030132320692,10,0.9565217391304348,0.9560439560439561,0.9572192513368984,0.9567567567567568,0.9508196721311475,0.9554722750798387,0.002356978037125788,0.7647058823529411,0.86,0.82,0.86,0.9,0.8409411764705881,0.04574882531061361,22,0.88,0.8656716417910447,0.8905472636815921,0.8805970149253731,0.8656716417910447,0.8764975124378109,0.009600706227168672,0.857142857142857,0.9052631578947369,0.8723404255319149,0.8775510204081632,0.9090909090909091,0.8842776740137162,0.019900408163537976,24,0.9166666666666666,0.9086161879895561,0.9226804123711341,0.917098445595855,0.9062499999999999,0.9142623425246423,0.006012733969121605
1.8116018295288085,0.06305429966455636,0.19913835525512696,0.02261576502449225,300,20,1,0.5,30,,True,"{'n_estimators': 300, 'min_samples_split': 20, 'min_samples_leaf': 1, 'max_features': 0.5, 'max_depth': 30, 'class_weight': None, 'bootstrap': True}",0.9256254225828262,0.9353333333333333,0.9020000000000001,0.9106666666666666,0.9373333333333334,0.922191751183232,0.013815159641900936,6,0.9764166666666667,0.9755842635561687,0.9766712655211338,0.9783017684685815,0.9771311509678497,0.9768210230360801,0.0008949068965938739,0.9777777777777777,0.9361702127659575,0.9130434782608695,0.8775510204081632,0.8823529411764706,0.9173790860778478,0.036967584552024486,16,0.9296482412060302,0.9427083333333334,0.9489795918367347,0.9441624365482234,0.9438775510204082,0.941875230788946,0.006479288178529014,0.8627450980392157,0.88,0.84,0.86,0.9,0.8685490196078431,0.020209437804988423,13,0.925,0.900497512437811,0.9253731343283582,0.9253731343283582,0.9203980099502488,0.9193283582089553,0.009601990049751248,0.9166666666666665,0.9072164948453608,0.8749999999999999,0.8686868686868686,0.8910891089108911,0.8917318278219574,0.01829184732298779,9,0.9273182957393483,0.921119592875318,0.9370277078085643,0.9346733668341709,0.9319899244332494,0.9304257775381302,0.005662783233378198
2.636713981628418,0.16449554574080968,0.26549735069274905,0.013603555767838659,500,5,1,log2,30,,True,"{'n_estimators': 500, 'min_samples_split': 5, 'min_samples_leaf': 1, 'max_features': 'log2', 'max_depth': 30, 'class_weight': None, 'bootstrap': True}",0.905341446923597,0.9333333333333333,0.8986666666666667,0.8919999999999999,0.9326666666666665,0.9124016227180526,0.01734087555478669,25,0.998625,0.9989966135708015,0.9987457669635018,0.9990384213386847,0.998912998035035,0.9988637599816045,0.00015589081619005833,0.9347826086956522,0.9,0.9333333333333333,0.8775510204081632,0.8846153846153846,0.9060564694105067,0.023992415240784767,23,0.9898477157360406,0.9800995024875622,0.9800995024875622,0.9949238578680203,0.98989898989899,0.9869739136956349,0.005908155045735855,0.8431372549019608,0.9,0.84,0.86,0.92,0.8726274509803922,0.03189698913982453,11,0.975,0.9800995024875622,0.9800995024875622,0.9751243781094527,0.9751243781094527,0.9770895522388059,0.0024580336969225055,0.8865979381443299,0.9,0.8842105263157894,0.8686868686868686,0.9019607843137256,0.8882912234921427,0.012064844569336102,15,0.982367758186398,0.9800995024875622,0.9800995024875622,0.9849246231155779,0.9824561403508771,0.9819895053255955,0.0017955479035739667
0.005545425415039063,0.001439115086175655,0.0,0.0,100,5,2,log2,,,False,"{'n_estimators': 100, 'min_samples_split': 5, 'min_samples_leaf': 2, 'max_features': 'log2', 'max_depth': None, 'class_weight': None, 'bootstrap': False}",,,,,,,,29,,,,,,,,,,,,,,,29,,,,,,,,,,,,,,,29,,,,,,,,,,,,,,,29,,,,,,,
1.5867793560028076,0.06913279001561118,0.16829495429992675,0.009195555182623506,300,5,4,0.5,,,True,"{'n_estimators': 300, 'min_samples_split': 5, 'min_samples_leaf': 4, 'max_features': 0.5, 'max_depth': None, 'class_weight': None, 'bootstrap': True}",0.9127789046653143,0.9313333333333333,0.902,0.9073333333333334,0.9406666666666665,0.9188224475997295,0.014732352626486358,11,0.9865416666666667,0.9861198210627535,0.9844893181153058,0.9882938249926837,0.9861616288306367,0.9863212519336093,0.0012133970968578375,0.8979591836734694,0.92,0.9333333333333333,0.8775510204081632,0.9019607843137255,0.9061608643457383,0.019148347995565862,22,0.9494949494949495,0.949238578680203,0.9487179487179487,0.9545454545454546,0.9587628865979382,0.9521519636072988,0.003918497049791637,0.8627450980392157,0.92,0.84,0.86,0.92,0.880549019607843,0.033154862476045065,2,0.94,0.9303482587064676,0.9203980099502488,0.9402985074626866,0.9253731343283582,0.9312835820895522,0.007893652184400874,0.8799999999999999,0.92,0.8842105263157894,0.8686868686868686,0.9108910891089109,0.8927576968223138,0.019422567890206546,8,0.9447236180904524,0.9396984924623115,0.9343434343434343,0.9473684210526316,0.9417721518987341,0.9415812235695128,0.004457196898587928
0.008996200561523438,0.0028049382533631853,0.0,0.0,200,10,8,,15,balanced,False,"{'n_estimators': 200, 'min_samples_split': 10, 'min_samples_leaf': 8, 'max_features': None, 'max_depth': 15, 'class_weight': 'balanced', 'bootstrap': False}",,,,,,,,29,,,,,,,,,,,,,,,29,,,,,,,,,,,,,,,29,,,,,,,,,,,,,,,29,,,,,,,
1.8048061370849608,0.05125720701192504,0.16856784820556642,0.011833529252499423,300,2,2,,15,balanced,True,"{'n_estimators': 300, 'min_samples_split': 2, 'min_samples_leaf': 2, 'max_features': None, 'max_depth': 15, 'class_weight': 'balanced', 'bootstrap': True}",0.9060175794455713,0.928,0.9046666666666667,0.9013333333333334,0.9266666666666666,0.9133368492224477,0.011537072359475967,24,0.9975833333333334,0.9985367281240854,0.9977423805343033,0.9981604582131359,0.9974915339270037,0.9979028868263724,0.00039119962231373945,0.9545454545454546,0.9,0.9333333333333333,0.8958333333333334,0.8867924528301887,0.914100914808462,0.025627872107757018,19,0.9948186528497409,0.9898477157360406,0.9896373056994818,0.9948453608247423,0.9846938775510204,0.9907685825322051,0.003796129986195189,0.8235294117647058,0.9,0.84,0.86,0.94,0.8727058823529411,0.04224430511771845,10,0.96,0.9701492537313433,0.9502487562189055,0.9601990049751243,0.9601990049751243,0.9601592039800995,0.006293593298035258,0.8842105263157896,0.9,0.8842105263157894,0.8775510204081632,0.912621359223301,0.8917186864526088,0.012798199728524504,10,0.9770992366412213,0.9798994974874371,0.9695431472081218,0.9772151898734177,0.9722921914357683,0.9752098525291932,0.0037472180473853414
1.5602752208709716,0.05063732831025009,0.16687331199645997,0.00884403022907618,300,10,1,0.5,15,,True,"{'n_estimators': 300, 'min_samples_split': 10, 'min_samples_leaf': 1, 'max_features': 0.5, 'max_depth': 15, 'class_weight': None, 'bootstrap': True}",0.9066937119675457,0.9373333333333334,0.898,0.9126666666666666,0.9339999999999999,0.917738742393509,0.015399435662453958,15,0.9909583333333333,0.9902169823153142,0.9894644424934153,0.9920983318700615,0.9904678289226139,0.9906411837869478,0.0008739088328107639,0.9166666666666666,0.9019607843137255,0.9130434782608695,0.8775510204081632,0.8846153846153846,0.8987674668529617,0.015393519178531039,27,0.9601990049751243,0.955,0.9545454545454546,0.96,0.9545454545454546,0.9568579828132066,0.0026526354895087217,0.8627450980392157,0.92,0.84,0.86,0.92,0.880549019607843,0.033154862476045065,2,0.965,0.9502487562189055,0.9402985074626866,0.9552238805970149,0.9402985074626866,0.9502139303482586,0.009384667197955141,0.888888888888889,0.9108910891089109,0.8749999999999999,0.8686868686868686,0.9019607843137256,0.8890855261996787,0.015848033241828912,13,0.9625935162094762,0.9526184538653366,0.9473684210526316,0.9576059850374063,0.9473684210526316,0.9535109594434965,0.005924866141872983
1.7840525150299071,0.072649278348059,0.17384018898010253,0.011694004899357822,300,10,1,,,,True,"{'n_estimators': 300, 'min_samples_split': 10, 'min_samples_leaf': 1, 'max_features': None, 'max_depth': None, 'class_weight': None, 'bootstrap': True}",0.9100743745774171,0.9283333333333333,0.8993333333333334,0.9193333333333332,0.9219999999999999,0.9158148749154835,0.01011871217264499,17,0.9924583333333334,0.9903842133868473,0.9898407124043648,0.9926418328525439,0.9911785609766294,0.9913007305907439,0.0011068135968142977,0.9347826086956522,0.92,0.8936170212765957,0.8775510204081632,0.8867924528301887,0.9025486206421199,0.021431243249651143,24,0.96,0.9593908629441624,0.945,0.9603960396039604,0.955,0.9559573805096244,0.005810577141745618,0.8431372549019608,0.92,0.84,0.86,0.94,0.880627450980392,0.04136881313864114,1,0.96,0.9402985074626866,0.9402985074626866,0.9651741293532339,0.9502487562189055,0.9512039800995025,0.010112429537833345,0.8865979381443299,0.92,0.8659793814432989,0.8686868686868686,0.912621359223301,0.8907771094995596,0.02214280968768516,11,0.96,0.949748743718593,0.942643391521197,0.9627791563275435,0.9526184538653366,0.9535579490865341,0.007225661860427625
0.0068305015563964845,0.002886091272668622,0.0,0.0,500,2,4,,,,False,"{'n_estimators': 500, 'min_samples_split': 2, 'min_samples_leaf': 4, 'max_features': None, 'max_depth': None, 'class_weight': None, 'bootstrap': False}",,,,,,,,29,,,,,,,,,,,,,,,29,,,,,,,,,,,,,,,29,,,,,,,,,,,,,,,29,,,,,,,
0.006823825836181641,0.0023999579561568246,0.0,0.0,500,5,4,0.3,30,,False,"{'n_estimators': 500, 'min_samples_split': 5, 'min_samples_leaf': 4, 'max_features': 0.3, 'max_depth': 30, 'class_weight': None, 'bootstrap': False}",,,,,,,,29,,,,,,,,,,,,,,,29,,,,,,,,,,,,,,,29,,,,,,,,,,,,,,,29,,,,,,,
0.007799673080444336,0.002377990194279779,0.0,0.0,300,2,1,sqrt,20,balanced_subsample,False,"{'n_estimators': 300, 'min_samples_split': 2, 'min_samples_leaf': 1, 'max_features': 'sqrt', 'max_depth': 20, 'class_weight': 'balanced_subsample', 'bootstrap': False}",,,,,,,,29,,,,,,,,,,,,,,,29,,,,,,,,,,,,,,,29,,,,,,,,,,,,,,,29,,,,,,,
1.0248504638671876,0.05058813485125607,0.1217231273651123,0.005373973299331345,200,5,2,log2,,balanced,True,"{'n_estimators': 200, 'min_samples_split': 5, 'min_samples_leaf': 2, 'max_features': 'log2', 'max_depth': None, 'class_weight': 'balanced', 'bootstrap': True}",0.9100743745774171,0.9306666666666666,0.9013333333333333,0.8906666666666667,0.9380000000000001,0.9141482082488167,0.01774242020244143,23,0.9958333333333333,0.9953175299970735,0.9946067979430578,0.9960282620510891,0.995568376604373,0.9954708599857854,0.00049430896817863,0.9347826086956522,0.9387755102040817,0.9333333333333333,0.8775510204081632,0.9183673469387755,0.9205619639160012,0.02259126153291218,15,0.9897435897435898,0.984375,0.984375,0.9895833333333334,0.9844559585492227,0.9865065763252293,0.0025782535981316297,0.8431372549019608,0.92,0.84,0.86,0.9,0.8726274509803922,0.03189698913982453,11,0.965,0.9402985074626866,0.9402985074626866,0.945273631840796,0.945273631840796,0.947228855721393,0.009159899822503384,0.8865979381443299,0.9292929292929293,0.8842105263157894,0.8686868686868686,0.9090909090909091,0.8955758343061652,0.02122399141569842,5,0.9772151898734178,0.9618320610687023,0.9618320610687023,0.9669211195928753,0.9644670050761422,0.9664534873359679,0.005704282508579018
1.3084613800048828,0.0755161401888695,0.12374629974365234,0.004156415096981143,200,2,1,,20,balanced,True,"{'n_estimators': 200, 'min_samples_split': 2, 'min_samples_leaf': 1, 'max_features': None, 'max_depth': 20, 'class_weight': 'balanced', 'bootstrap': True}",0.9083840432724815,0.9213333333333333,0.8983333333333333,0.897,0.9243333333333333,0.9098768086544963,0.011327271830473369,28,1.0,1.0,1.0,1.0,1.0,1.0,0.0,0.9148936170212766,0.8490566037735849,0.9130434782608695,0.8958333333333334,0.8867924528301887,0.8919238970438507,0.02388666988410914,28,1.0,1.0,1.0,1.0,1.0,1.0,0.0,0.8431372549019608,0.9,0.84,0.86,0.94,0.8766274509803921,0.03821515809653212,8,1.0,1.0,1.0,1.0,1.0,1.0,0.0,0.8775510204081632,0.8737864077669903,0.8749999999999999,0.8775510204081632,0.912621359223301,0.8833019615613236,0.014732562963272477,26,1.0,1.0,1.0,1.0,1.0,1.0,0.0
0.007181310653686523,0.0031961765230465924,0.0,0.0,500,5,2,sqrt,25,,False,"{'n_estimators': 500, 'min_samples_split': 5, 'min_samples_leaf': 2, 'max_features': 'sqrt', 'max_depth': 25, 'class_weight': None, 'bootstrap': False}",,,,,,,,29,,,,,,,,,,,,,,,29,,,,,,,,,,,,,,,29,,,,,,,,,,,,,,,29,,,,,,,
0.010749340057373047,0.00433785446715567,0.0,0.0,200,5,4,0.3,25,balanced,False,"{'n_estimators': 200, 'min_samples_split': 5, 'min_samples_leaf': 4, 'max_features': 0.3, 'max_depth': 25, 'class_weight': 'balanced', 'bootstrap': False}",,,,,,,,29,,,,,,,,,,,,,,,29,,,,,,,,,,,,,,,29,,,,,,,,,,,,,,,29,,,,,,,
1.2438905715942383,0.07087287814879498,0.11927142143249511,0.015291503729322918,200,2,1,0.3,15,balanced_subsample,True,"{'n_estimators': 200, 'min_samples_split': 2, 'min_samples_leaf': 1, 'max_features': 0.3, 'max_depth': 15, 'class_weight': 'balanced_subsample', 'bootstrap': True}",0.9107505070993914,0.9256666666666666,0.8926666666666666,0.892,0.9326666666666666,0.9107501014198782,0.01662177287098092,27,0.9999999999999999,0.9999999999999999,1.0,1.0,1.0,1.0,7.021666937153402e-17,0.9361702127659575,0.8823529411764706,0.9333333333333333,0.8775510204081632,0.8703703703703703,0.899955575610859,0.028679873977543315,26,1.0,1.0,1.0,1.0,1.0,1.0,0.0,0.8627450980392157,0.9,0.84,0.86,0.94,0.880549019607843,0.035485840920083306,2,1.0,1.0,1.0,1.0,1.0,1.0,0.0,0.8979591836734694,0.8910891089108911,0.8842105263157894,0.8686868686868686,0.9038461538461539,0.8891583682866345,0.012169441988073244,12,1.0,1.0,1.0,1.0,1.0,1.0,0.0
2.5568472385406493,0.07879782723791492,0.2267880916595459,0.0069737057536484485,500,20,8,,30,,True,"{'n_estimators': 500, 'min_samples_split': 20, 'min_samples_leaf': 8, 'max_features': None, 'max_depth': 30, 'class_weight': None, 'bootstrap': True}",0.9317106152805951,0.9393333333333334,0.9046666666666667,0.9086666666666667,0.9266666666666665,0.9222087897227859,0.013375518889601716,5,0.9698749999999999,0.9689786362306116,0.970859985785359,0.9698984071240437,0.970797274133534,0.9700818606547097,0.0006943840180964402,0.9361702127659575,0.9565217391304348,0.9333333333333333,0.8653846153846154,0.8846153846153846,0.9152050570459451,0.034330874852604595,17,0.9282051282051282,0.9459459459459459,0.9470899470899471,0.92,0.9285714285714286,0.93396248996249,0.010706028500061145,0.8627450980392157,0.88,0.84,0.9,0.92,0.880549019607843,0.027914958459676426,2,0.905,0.8706467661691543,0.8905472636815921,0.9154228855721394,0.9054726368159204,0.8974179104477613,0.015559214511311445,0.8979591836734694,0.9166666666666666,0.8842105263157894,0.8823529411764707,0.9019607843137256,0.8966300204292244,0.01256765480898977,3,0.9164556962025316,0.9067357512953368,0.9179487179487179,0.9177057356608479,0.9168765743073048,0.9151444950829479,0.004239102218157141
2.2500313758850097,0.08583977434673297,0.22809300422668458,0.0122620436879928,500,10,8,0.3,25,,True,"{'n_estimators': 500, 'min_samples_split': 10, 'min_samples_leaf': 8, 'max_features': 0.3, 'max_depth': 25, 'class_weight': None, 'bootstrap': True}",0.9215686274509804,0.9233333333333333,0.8993333333333333,0.8933333333333333,0.938,0.9151137254901961,0.01647067413609719,18,0.9682083333333332,0.962749278816004,0.9636272419415528,0.968727789623312,0.9682260964087127,0.966307748024583,0.0025689181515912663,0.9555555555555556,0.9361702127659575,0.9333333333333333,0.8113207547169812,0.9183673469387755,0.9109494406621208,0.051201038816025654,20,0.9259259259259259,0.93048128342246,0.927461139896373,0.9179487179487179,0.946524064171123,0.9296682262729199,0.009391520118709303,0.8431372549019608,0.88,0.84,0.86,0.9,0.8646274509803922,0.022703681020318212,14,0.875,0.8656716417910447,0.8905472636815921,0.8905472636815921,0.8805970149253731,0.8804726368159204,0.009508216345082823,0.8958333333333333,0.9072164948453608,0.8842105263157894,0.8349514563106797,0.9090909090909091,0.8862605439792144,0.027161887981705893,18,0.8997429305912596,0.8969072164948454,0.9086294416243654,0.9040404040404041,0.9123711340206185,0.9043382253542986,0.005645661748305849
0.006973409652709961,0.002892239710664324,0.0,0.0,100,5,2,sqrt,20,balanced,False,"{'n_estimators': 100, 'min_samples_split': 5, 'min_samples_leaf': 2, 'max_features': 'sqrt', 'max_depth': 20, 'class_weight': 'balanced', 'bootstrap': False}",,,,,,,,29,,,,,,,,,,,,,,,29,,,,,,,,,,,,,,,29,,,,,,,,,,,,,,,29,,,,,,,
0.4546380519866943,0.013840037571170843,0.06354360580444336,0.002316404729693139,100,2,4,0.3,25,balanced,True,"{'n_estimators': 100, 'min_samples_split': 2, 'min_samples_leaf': 4, 'max_features': 0.3, 'max_depth': 25, 'class_weight': 'balanced', 'bootstrap': True}",0.920892494929006,0.9273333333333333,0.8986666666666666,0.8959999999999999,0.9460000000000001,0.9177784989858011,0.01863872368112564,13,0.9838749999999999,0.9827333918642084,0.982357121953259,0.9862452443664033,0.9834023161503407,0.9837226148668423,0.0013662068024015688,1.0,0.9565217391304348,0.9534883720930233,0.8958333333333334,0.9183673469387755,0.9448421582991134,0.035654838896164914,4,0.9578947368421052,0.9722222222222222,0.9574468085106383,0.9680851063829787,0.9574468085106383,0.9626191364937166,0.006291613273820358,0.8235294117647058,0.88,0.82,0.86,0.9,0.8567058823529411,0.031227704849588485,16,0.91,0.8706467661691543,0.8955223880597015,0.9054726368159204,0.8955223880597015,0.8954328358208956,0.01361884844051513,0.9032258064516129,0.9166666666666666,0.8817204301075269,0.8775510204081632,0.9090909090909091,0.8976509665449758,0.015370997381072017,2,0.9333333333333333,0.9186351706036746,0.9254498714652957,0.93573264781491,0.9254498714652957,0.9277201789365019,0.006140897788520773
2.253501462936401,0.0526086286401972,0.2298037052154541,0.005200971389527702,500,10,1,log2,20,,True,"{'n_estimators': 500, 'min_samples_split': 10, 'min_samples_leaf': 1, 'max_features': 'log2', 'max_depth': 20, 'class_weight': None, 'bootstrap': True}",0.9107505070993914,0.9366666666666666,0.906,0.9006666666666667,0.9346666666666665,0.9177501014198783,0.014986057303246232,14,0.990625,0.9885446715999833,0.9890045570466992,0.9911785609766295,0.9897570968685981,0.9898219772983821,0.0009786786929930863,0.9565217391304348,0.92,0.9333333333333333,0.8775510204081632,0.8846153846153846,0.9144042954974632,0.02969526068852097,18,0.96,0.9543147208121827,0.9595959595959596,0.9597989949748744,0.9597989949748744,0.9587017340715782,0.0021972247052712934,0.8627450980392157,0.92,0.84,0.86,0.92,0.880549019607843,0.033154862476045065,2,0.96,0.9353233830845771,0.945273631840796,0.9502487562189055,0.9502487562189055,0.9482189054726369,0.00802500979182315,0.9072164948453608,0.92,0.8842105263157894,0.8686868686868686,0.9019607843137256,0.8964149348323488,0.018008213034914566,4,0.96,0.9447236180904522,0.9523809523809523,0.9550000000000001,0.9550000000000001,0.953420914094281,0.004999917481189391
1.1933461666107177,0.04816337057799277,0.11553640365600586,0.01254787227169408,200,10,8,,30,balanced_subsample,True,"{'n_estimators': 200, 'min_samples_split': 10, 'min_samples_leaf': 8, 'max_features': None, 'max_depth': 30, 'class_weight': 'balanced_subsample', 'bootstrap': True}",0.9364435429344152,0.9376666666666666,0.902,0.9126666666666666,0.9253333333333332,0.9228220419202163,0.013776094036932212,4,0.9706458333333333,0.9690204439984949,0.9720724110539738,0.9709017935532422,0.9729085664116393,0.9711098096701367,0.0013256033264217994,1.0,0.9555555555555556,0.9523809523809523,0.9148936170212766,0.9148936170212766,0.9475447483958123,0.03153191424975495,1,0.9453551912568307,0.9606741573033708,0.9505494505494505,0.9508196721311475,0.9613259668508287,0.9537448876183255,0.006239266774921967,0.803921568627451,0.86,0.8,0.86,0.86,0.8367843137254901,0.0284603233264254,26,0.865,0.8507462686567164,0.8606965174129353,0.8656716417910447,0.8656716417910447,0.8615572139303482,0.005715367798623072,0.891304347826087,0.9052631578947369,0.8695652173913043,0.8865979381443299,0.8865979381443299,0.8878657198801576,0.011424692066095933,16,0.9033942558746736,0.9023746701846965,0.9033942558746736,0.9062499999999999,0.9109947643979057,0.9052815892663899,0.003135360350671982
0.00984206199645996,0.0033220985093189086,0.0,0.0,100,20,8,0.5,15,balanced,False,"{'n_estimators': 100, 'min_samples_split': 20, 'min_samples_leaf': 8, 'max_features': 0.5, 'max_depth': 15, 'class_weight': 'balanced', 'bootstrap': False}",,,,,,,,29,,,,,,,,,,,,,,,29,,,,,,,,,,,,,,,29,,,,,,,,,,,,,,,29,,,,,,,
0.0046346187591552734,0.0005139768206227572,0.0,0.0,100,10,2,0.3,30,,False,"{'n_estimators': 100, 'min_samples_split': 10, 'min_samples_leaf': 2, 'max_features': 0.3, 'max_depth': 30, 'class_weight': None, 'bootstrap': False}",,,,,,,,29,,,,,,,,,,,,,,,29,,,,,,,,,,,,,,,29,,,,,,,,,,,,,,,29,,,,,,,
0.00942225456237793,0.0023658901683200726,0.0,0.0,300,10,2,sqrt,25,balanced_subsample,False,"{'n_estimators': 300, 'min_samples_split': 10, 'min_samples_leaf': 2, 'max_features': 'sqrt', 'max_depth': 25, 'class_weight': 'balanced_subsample', 'bootstrap': False}",,,,,,,,29,,,,,,,,,,,,,,,29,,,,,,,,,,,,,,,29,,,,,,,,,,,,,,,29,,,,,,,
0.010360956192016602,0.00244172178498098,0.0,0.0,300,10,8,0.5,30,balanced_subsample,False,"{'n_estimators': 300, 'min_samples_split': 10, 'min_samples_leaf': 8, 'max_features': 0.5, 'max_depth': 30, 'class_weight': 'balanced_subsample', 'bootstrap': False}",,,,,,,,29,,,,,,,,,,,,,,,29,,,,,,,,,,,,,,,29,,,,,,,,,,,,,,,29,,,,,,,
1.777058219909668,0.06838021524004334,0.15635066032409667,0.0075954915758919645,300,20,8,0.5,15,balanced_subsample,True,"{'n_estimators': 300, 'min_samples_split': 20, 'min_samples_leaf': 8, 'max_features': 0.5, 'max_depth': 15, 'class_weight': 'balanced_subsample', 'bootstrap': True}",0.9276538201487492,0.9306666666666668,0.9006666666666666,0.896,0.9399999999999998,0.9189974306964164,0.0174190171501294,9,0.965125,0.9620803545298716,0.9644215895313349,0.9667628245327982,0.9670554789079812,0.9650890495003972,0.0017981884299754598,1.0,0.9555555555555556,0.9523809523809523,0.8775510204081632,0.9166666666666666,0.9404308390022675,0.041082002569928604,9,0.9502762430939227,0.9606741573033708,0.9508196721311475,0.9558011049723757,0.9553072625698324,0.9545756880141297,0.0037900147139301216,0.803921568627451,0.86,0.8,0.86,0.88,0.8407843137254902,0.032553271633443424,23,0.86,0.8507462686567164,0.8656716417910447,0.8606965174129353,0.8507462686567164,0.8575721393034825,0.005906660763093036,0.891304347826087,0.9052631578947369,0.8695652173913043,0.8686868686868686,0.8979591836734694,0.8865557550944931,0.014903219173782522,17,0.9028871391076115,0.9023746701846965,0.9062499999999999,0.905759162303665,0.9,0.9034541943191947,0.0023042477809020576
0.008420658111572266,0.0016372633849629883,0.0,0.0,200,10,4,,10,balanced_subsample,False,"{'n_estimators': 200, 'min_samples_split': 10, 'min_samples_leaf': 4, 'max_features': None, 'max_depth': 10, 'class_weight': 'balanced_subsample', 'bootstrap': False}",,,,,,,,29,,,,,,,,,,,,,,,29,,,,,,,,,,,,,,,29,,,,,,,,,,,,,,,29,,,,,,,
2.863809061050415,0.11089978004682154,0.27635860443115234,0.0420114634936084,500,20,8,log2,10,balanced_subsample,True,"{'n_estimators': 500, 'min_samples_split': 20, 'min_samples_leaf': 8, 'max_features': 'log2', 'max_depth': 10, 'class_weight': 'balanced_subsample', 'bootstrap': True}",0.9235970250169033,0.918,0.9026666666666667,0.8900000000000001,0.9373333333333331,0.9143194050033806,0.016471075740722083,22,0.9626666666666667,0.9578159622057778,0.9601153894393579,0.9650905138174672,0.9615368535473892,0.9614450771353319,0.002438378848213368,0.975609756097561,0.9555555555555556,0.9333333333333333,0.8431372549019608,0.9166666666666666,0.9248605133110155,0.04546490960896473,14,0.9456521739130435,0.945054945054945,0.9510869565217391,0.9405405405405406,0.9502762430939227,0.9465221718248381,0.003837183185737492,0.7843137254901961,0.86,0.84,0.86,0.88,0.8448627450980393,0.03281075957468439,20,0.87,0.8557213930348259,0.8706467661691543,0.8656716417910447,0.8557213930348259,0.8635522388059702,0.006618792985405195,0.8695652173913043,0.9052631578947369,0.8842105263157894,0.8514851485148515,0.8979591836734694,0.8816966467580303,0.019422030527681253,27,0.90625,0.8981723237597912,0.9090909090909092,0.9015544041450777,0.9005235602094241,0.9031182394410404,0.003977957516591272
3.5488240718841553,0.32155647784480806,0.2774360656738281,0.04243282415840721,500,10,8,,20,balanced_subsample,True,"{'n_estimators': 500, 'min_samples_split': 10, 'min_samples_leaf': 8, 'max_features': None, 'max_depth': 20, 'class_weight': 'balanced_subsample', 'bootstrap': True}",0.9398242055442867,0.9400000000000001,0.9006666666666667,0.9146666666666666,0.9259999999999999,0.924231507775524,0.015110877257212755,1,0.9711666666666666,0.9691458673021447,0.9716125256072577,0.9724068731970399,0.9729085664116394,0.9714480998369497,0.0013006709099073494,1.0,0.9555555555555556,0.9523809523809523,0.9148936170212766,0.9148936170212766,0.9475447483958123,0.03153191424975495,1,0.9453551912568307,0.9606741573033708,0.9505494505494505,0.9508196721311475,0.9611111111111111,0.9537019164703822,0.006187430857175269,0.7843137254901961,0.86,0.8,0.86,0.86,0.8328627450980391,0.03360434237149544,27,0.865,0.8507462686567164,0.8606965174129353,0.8656716417910447,0.8606965174129353,0.8605621890547264,0.005332711406524213,0.8791208791208792,0.9052631578947369,0.8695652173913043,0.8865979381443299,0.8865979381443299,0.885429026139116,0.011726710023207965,22,0.9033942558746736,0.9023746701846965,0.9033942558746736,0.9062499999999999,0.9081364829396326,0.9047099329747352,0.002146090206213989
0.008748483657836915,0.002539461186698608,0.0,0.0,500,20,1,0.3,30,balanced_subsample,False,"{'n_estimators': 500, 'min_samples_split': 20, 'min_samples_leaf': 1, 'max_features': 0.3, 'max_depth': 30, 'class_weight': 'balanced_subsample', 'bootstrap': False}",,,,,,,,29,,,,,,,,,,,,,,,29,,,,,,,,,,,,,,,29,,,,,,,,,,,,,,,29,,,,,,,
0.007086420059204101,0.0014779772490147284,0.0,0.0,300,20,1,log2,15,,False,"{'n_estimators': 300, 'min_samples_split': 20, 'min_samples_leaf': 1, 'max_features': 'log2', 'max_depth': 15, 'class_weight': None, 'bootstrap': False}",,,,,,,,29,,,,,,,,,,,,,,,29,,,,,,,,,,,,,,,29,,,,,,,,,,,,,,,29,,,,,,,
1.0680320262908936,0.04842576311782385,0.11891169548034668,0.008170231956470334,200,20,8,,10,balanced,True,"{'n_estimators': 200, 'min_samples_split': 20, 'min_samples_leaf': 8, 'max_features': None, 'max_depth': 10, 'class_weight': 'balanced', 'bootstrap': True}",0.9350912778904665,0.9363333333333335,0.8993333333333334,0.912,0.9256666666666666,0.92168492224476,0.014167228758743522,8,0.9675208333333334,0.9667419206488566,0.9700029265437519,0.9686859818554288,0.9699820226598102,0.9685867370082362,0.0013039756465281535,1.0,0.9555555555555556,0.9523809523809523,0.9148936170212766,0.9148936170212766,0.9475447483958123,0.03153191424975495,1,0.9453551912568307,0.9606741573033708,0.9505494505494505,0.9505494505494505,0.9615384615384616,0.9537333422395129,0.006317634802649073,0.7843137254901961,0.86,0.8,0.86,0.86,0.8328627450980391,0.03360434237149544,27,0.865,0.8507462686567164,0.8606965174129353,0.8606965174129353,0.8706467661691543,0.8615572139303482,0.006524275753261924,0.8791208791208792,0.9052631578947369,0.8695652173913043,0.8865979381443299,0.8865979381443299,0.885429026139116,0.011726710023207965,22,0.9033942558746736,0.9023746701846965,0.9033942558746736,0.9033942558746736,0.9138381201044387,0.9052791115826311,0.004297684256198226
2.1865538597106933,0.29859363452499804,0.21356825828552245,0.019767652962625365,300,20,4,,20,balanced_subsample,True,"{'n_estimators': 300, 'min_samples_split': 20, 'min_samples_leaf': 4, 'max_features': None, 'max_depth': 20, 'class_weight': 'balanced_subsample', 'bootstrap': True}",0.9357674104124408,0.9420000000000001,0.9046666666666666,0.9093333333333334,0.9266666666666665,0.9236868154158214,0.014546350228809875,2,0.9719166666666667,0.9705255236422927,0.9698147915882771,0.971487102303608,0.9725741042685732,0.9712636376938836,0.0009836333977004822,1.0,0.9555555555555556,0.9523809523809523,0.8958333333333334,0.9166666666666666,0.9440873015873017,0.035796290333112685,7,0.9555555555555556,0.9608938547486033,0.9508196721311475,0.9508196721311475,0.9611111111111111,0.955839973135513,0.004556629294238912,0.7843137254901961,0.86,0.8,0.86,0.88,0.8368627450980393,0.03755462508714965,24,0.86,0.8557213930348259,0.8656716417910447,0.8656716417910447,0.8606965174129353,0.86155223880597,0.003770395966659497,0.8791208791208792,0.9052631578947369,0.8695652173913043,0.8775510204081632,0.8979591836734694,0.8858918916977105,0.013437578121046487,20,0.9052631578947369,0.9052631578947369,0.9062499999999999,0.9062499999999999,0.9081364829396326,0.9062325597458212,0.001049286591035633
1.4291543006896972,0.14852228024504613,0.14850773811340331,0.018722724988023565,200,20,8,log2,25,balanced_subsample,True,"{'n_estimators': 200, 'min_samples_split': 20, 'min_samples_leaf': 8, 'max_features': 'log2', 'max_depth': 25, 'class_weight': 'balanced_subsample', 'bootstrap': True}",0.9263015551048005,0.9193333333333333,0.9013333333333334,0.8893333333333333,0.9359999999999999,0.9144603110209601,0.016921005644758152,21,0.96375,0.9575651155984782,0.961369622475856,0.9653831681926504,0.9617458923868053,0.9619627597307578,0.002631787946943502,0.9761904761904762,0.9555555555555556,0.9333333333333333,0.8431372549019608,0.9166666666666666,0.9249766573295986,0.045594960307890335,12,0.9456521739130435,0.945054945054945,0.9562841530054644,0.9354838709677419,0.9502762430939227,0.9465502772070234,0.006843085775793242,0.803921568627451,0.86,0.84,0.86,0.88,0.8487843137254902,0.025752018841887134,17,0.87,0.8557213930348259,0.8706467661691543,0.8656716417910447,0.8557213930348259,0.8635522388059702,0.006618792985405195,0.8817204301075269,0.9052631578947369,0.8842105263157894,0.8514851485148515,0.8979591836734694,0.8841276893012747,0.01848975660750266,25,0.90625,0.8981723237597912,0.9114583333333334,0.8992248062015503,0.9005235602094241,0.9031258047008197,0.005014340810046996
2.096347522735596,0.04968814836258177,0.2036433219909668,0.021140027773161162,300,2,8,,20,,True,"{'n_estimators': 300, 'min_samples_split': 2, 'min_samples_leaf': 8, 'max_features': None, 'max_depth': 20, 'class_weight': None, 'bootstrap': True}",0.931710615280595,0.9406666666666667,0.9013333333333333,0.914,0.9283333333333332,0.9232087897227856,0.013904365162241878,3,0.9715833333333334,0.9711944479284251,0.9725741042685732,0.9731176052510556,0.9737447217693048,0.9724428425101385,0.0009449517519819038,0.9777777777777777,0.9565217391304348,0.9333333333333333,0.8823529411764706,0.8846153846153846,0.9269202352066802,0.03815707163614143,11,0.9278350515463918,0.9414893617021277,0.9476439790575916,0.9203980099502488,0.9238578680203046,0.932244854055333,0.010514081801437782,0.8627450980392157,0.88,0.84,0.9,0.92,0.880549019607843,0.027914958459676426,2,0.9,0.8805970149253731,0.900497512437811,0.9203980099502488,0.9054726368159204,0.9013930348258705,0.012751856193911091,0.9166666666666665,0.9166666666666666,0.8842105263157894,0.8910891089108911,0.9019607843137256,0.9021187505747479,0.013158010259282121,1,0.9137055837563451,0.910025706940874,0.923469387755102,0.9203980099502488,0.9145728643216081,0.9164343105448356,0.004841164248644847
3.1667114734649657,0.10261208004008407,0.3479300975799561,0.021405582056640293,500,10,4,0.5,,balanced,True,"{'n_estimators': 500, 'min_samples_split': 10, 'min_samples_leaf': 4, 'max_features': 0.5, 'max_depth': None, 'class_weight': 'balanced', 'bootstrap': True}",0.918187964841109,0.9313333333333333,0.8999999999999999,0.9039999999999999,0.9406666666666665,0.9188375929682217,0.015544021850441259,10,0.9844166666666666,0.9829006229357414,0.9822316986496091,0.9859525899912205,0.9832768928466908,0.9837556942179857,0.0013073787331661943,1.0,0.9555555555555556,0.9523809523809523,0.8958333333333334,0.9183673469387755,0.9444274376417235,0.03554129539861029,5,0.9627659574468085,0.9668508287292817,0.9621621621621622,0.9528795811518325,0.9619565217391305,0.9613230102458431,0.004583358625004031,0.8235294117647058,0.86,0.8,0.86,0.9,0.8487058823529411,0.03432875861169566,18,0.905,0.8706467661691543,0.8855721393034826,0.9054726368159204,0.8805970149253731,0.8894577114427861,0.013751376978424826,0.9032258064516129,0.9052631578947369,0.8695652173913043,0.8775510204081632,0.9090909090909091,0.8929392222473453,0.016135123496141702,7,0.9329896907216496,0.9162303664921466,0.9222797927461139,0.9285714285714286,0.9194805194805195,0.9239103596023716,0.006089734697978171
0.010460853576660156,0.002223214767879814,0.0,0.0,300,5,8,sqrt,10,balanced_subsample,False,"{'n_estimators': 300, 'min_samples_split': 5, 'min_samples_leaf': 8, 'max_features': 'sqrt', 'max_depth': 10, 'class_weight': 'balanced_subsample', 'bootstrap': False}",,,,,,,,29,,,,,,,,,,,,,,,29,,,,,,,,,,,,,,,29,,,,,,,,,,,,,,,29,,,,,,,
3.0533841133117674,0.02123455599918962,0.3449839115142822,0.01780014650968018,500,2,8,0.5,25,balanced,True,"{'n_estimators': 500, 'min_samples_split': 2, 'min_samples_leaf': 8, 'max_features': 0.5, 'max_depth': 25, 'class_weight': 'balanced', 'bootstrap': True}",0.9269776876267748,0.9266666666666666,0.8993333333333333,0.8999999999999999,0.9393333333333334,0.9184622041920216,0.016013727724767925,12,0.968375,0.9654249759605336,0.9663865546218487,0.9698984071240436,0.9696057527488607,0.9679381380910573,0.0017628293628318623,1.0,0.9555555555555556,0.9523809523809523,0.8958333333333334,0.9166666666666666,0.9440873015873017,0.035796290333112685,7,0.945054945054945,0.9606741573033708,0.9613259668508287,0.9560439560439561,0.9553072625698324,0.9556812575645868,0.005830638570917295,0.7843137254901961,0.86,0.8,0.86,0.88,0.8368627450980393,0.03755462508714965,24,0.86,0.8507462686567164,0.8656716417910447,0.8656716417910447,0.8507462686567164,0.8585671641791045,0.006713166708953091,0.8791208791208792,0.9052631578947369,0.8695652173913043,0.8775510204081632,0.8979591836734694,0.8858918916977105,0.013437578121046487,20,0.9005235602094239,0.9023746701846965,0.9109947643979057,0.9086161879895561,0.9,0.9045018365563164,0.004465513442301314
0.5982315063476562,0.028912767713428527,0.08733716011047363,0.0031114682570552482,100,10,8,0.3,30,balanced,True,"{'n_estimators': 100, 'min_samples_split': 10, 'min_samples_leaf': 8, 'max_features': 0.3, 'max_depth': 30, 'class_weight': 'balanced', 'bootstrap': True}",0.922920892494929,0.9213333333333333,0.8986666666666667,0.8933333333333333,0.9366666666666666,0.9145841784989859,0.01617191255288298,20,0.9664583333333333,0.9586521175634433,0.9638780885488524,0.9681842886408295,0.9666374012291483,0.9647620458631213,0.003353168618507475,0.975609756097561,0.9347826086956522,0.9545454545454546,0.8431372549019608,0.9166666666666666,0.9249483481814591,0.045389251743829344,13,0.9456521739130435,0.9392265193370166,0.9615384615384616,0.9402173913043478,0.9555555555555556,0.9484380203296849,0.008746111134937423,0.7843137254901961,0.86,0.84,0.86,0.88,0.8448627450980393,0.03281075957468439,20,0.87,0.845771144278607,0.8706467661691543,0.8606965174129353,0.8557213930348259,0.8605671641791044,0.009305882043519877,0.8695652173913043,0.8958333333333334,0.8936170212765958,0.8514851485148515,0.8979591836734694,0.8816919808379108,0.01825550568261885,28,0.90625,0.8900523560209426,0.9138381201044387,0.8987012987012986,0.9028871391076116,0.9023457827868583,0.007899625328245551
0.012572669982910156,0.00391712019864542,0.0,0.0,300,2,1,0.3,,,False,"{'n_estimators': 300, 'min_samples_split': 2, 'min_samples_leaf': 1, 'max_features': 0.3, 'max_depth': None, 'class_weight': None, 'bootstrap': False}",,,,,,,,29,,,,,,,,,,,,,,,29,,,,,,,,,,,,,,,29,,,,,,,,,,,,,,,29,,,,,,,
0.7710928916931152,0.040355575269629,0.08753786087036133,0.004255977953122542,100,5,4,sqrt,,balanced_subsample,True,"{'n_estimators': 100, 'min_samples_split': 5, 'min_samples_leaf': 4, 'max_features': 'sqrt', 'max_depth': None, 'class_weight': 'balanced_subsample', 'bootstrap': True}",0.9208924949290062,0.928,0.8966666666666667,0.9,0.9406666666666665,0.9172451656524678,0.016723675082601527,16,0.983,0.9830678540072746,0.982524353024792,0.9864960909737029,0.9833605083824575,0.9836897612776454,0.0014286083788681862,1.0,0.9555555555555556,0.9534883720930233,0.8958333333333334,0.9166666666666666,0.9443087855297158,0.03585030603926631,6,0.9526315789473684,0.9668508287292817,0.9572192513368984,0.9732620320855615,0.9567567567567568,0.9613440895711733,0.0075673943218359995,0.8235294117647058,0.86,0.82,0.86,0.88,0.8487058823529411,0.02320481992647368,18,0.905,0.8706467661691543,0.8905472636815921,0.9054726368159204,0.8805970149253731,0.890452736318408,0.013613529481582542,0.9032258064516129,0.9052631578947369,0.8817204301075269,0.8775510204081632,0.8979591836734694,0.8931439197071018,0.01136082536457641,6,0.9282051282051282,0.9162303664921466,0.9226804123711341,0.9381443298969072,0.917098445595855,0.9244717365122342,0.008079263138668297
1.8875082015991211,0.04000743545576594,0.21107516288757325,0.02331785536923233,300,2,8,sqrt,10,,True,"{'n_estimators': 300, 'min_samples_split': 2, 'min_samples_leaf': 8, 'max_features': 'sqrt', 'max_depth': 10, 'class_weight': None, 'bootstrap': True}",0.9208924949290062,0.9213333333333333,0.9006666666666667,0.8913333333333333,0.9406666666666667,0.9149784989858013,0.017315678614855085,19,0.9678333333333333,0.9622475856014048,0.9629165098875371,0.9681424808729462,0.9690622517663783,0.96604043229232,0.002860387124983903,0.9555555555555556,0.9361702127659575,0.9333333333333333,0.8113207547169812,0.9183673469387755,0.9109494406621208,0.051201038816025654,20,0.9308510638297872,0.93048128342246,0.927461139896373,0.9132653061224489,0.9516129032258065,0.9307343392993751,0.012262732550221289,0.8431372549019608,0.88,0.84,0.86,0.9,0.8646274509803922,0.022703681020318212,14,0.875,0.8656716417910447,0.8905472636815921,0.8905472636815921,0.8805970149253731,0.8804726368159204,0.009508216345082823,0.8958333333333333,0.9072164948453608,0.8842105263157894,0.8349514563106797,0.9090909090909091,0.8862605439792144,0.027161887981705893,18,0.902061855670103,0.8969072164948454,0.9086294416243654,0.9017632241813602,0.9147286821705426,0.9048180840282433,0.006200922364309174
0.01453695297241211,0.0018564841970452363,0.0,0.0,300,5,1,0.3,25,balanced_subsample,False,"{'n_estimators': 300, 'min_samples_split': 5, 'min_samples_leaf': 1, 'max_features': 0.3, 'max_depth': 25, 'class_weight': 'balanced_subsample', 'bootstrap': False}",,,,,,,,29,,,,,,,,,,,,,,,29,,,,,,,,,,,,,,,29,,,,,,,,,,,,,,,29,,,,,,,
0.007190275192260742,0.0016211939578850995,0.0,0.0,100,10,1,0.3,30,,False,"{'n_estimators': 100, 'min_samples_split': 10, 'min_samples_leaf': 1, 'max_features': 0.3, 'max_depth': 30, 'class_weight': None, 'bootstrap': False}",,,,,,,,29,,,,,,,,,,,,,,,29,,,,,,,,,,,,,,,29,,,,,,,,,,,,,,,29,,,,,,,
1.181771469116211,0.16190100556518758,0.12562804222106932,0.04923384416503857,200,2,2,0.5,30,,True,"{'n_estimators': 200, 'min_samples_split': 2, 'min_samples_leaf': 2, 'max_features': 0.5, 'max_depth': 30, 'class_weight': None, 'bootstrap': True}",0.9066937119675457,0.9286666666666668,0.8926666666666666,0.8933333333333333,0.9366666666666666,0.9116054090601757,0.018087689886101325,26,0.9976666666666667,0.9977841883021866,0.9969062251766377,0.9982022659810192,0.9966971863372215,0.9974513064927464,0.0005633722227326907,0.9166666666666666,0.9183673469387755,0.9130434782608695,0.8775510204081632,0.8846153846153846,0.9020487793779719,0.01734892000695221,25,0.9897959183673469,0.9800995024875622,0.9798994974874372,0.9797979797979798,0.9751243781094527,0.9809434552499556,0.004802957007886909,0.8627450980392157,0.9,0.84,0.86,0.92,0.8765490196078431,0.029114207230632363,9,0.97,0.9800995024875622,0.9701492537313433,0.9651741293532339,0.9751243781094527,0.9721094527363185,0.005085696637565898,0.888888888888889,0.9090909090909091,0.8749999999999999,0.8686868686868686,0.9019607843137256,0.8887254901960784,0.015361545686469035,14,0.9797979797979798,0.9800995024875622,0.975,0.9724310776942355,0.9751243781094527,0.976490587617846,0.0029843294140312468
0.011162233352661134,0.0026311257700106926,0.0,0.0,500,2,1,log2,25,,False,"{'n_estimators': 500, 'min_samples_split': 2, 'min_samples_leaf': 1, 'max_features': 'log2', 'max_depth': 25, 'class_weight': None, 'bootstrap': False}",,,,,,,,29,,,,,,,,,,,,,,,29,,,,,,,,,,,,,,,29,,,,,,,,,,,,,,,29,,,,,,,
0.013628578186035157,0.0017973140432932676,0.0,0.0,100,10,2,,25,balanced_subsample,False,"{'n_estimators': 100, 'min_samples_split': 10, 'min_samples_leaf': 2, 'max_features': None, 'max_depth': 25, 'class_weight': 'balanced_subsample', 'bootstrap': False}",,,,,,,,29,,,,,,,,,,,,,,,29,,,,,,,,,,,,,,,29,,,,,,,,,,,,,,,29,,,,,,,
